MAKE,MODEL,MYR,OL,OW,OH,WB,CW,A1,B1,C1,D1,E1,F1,G1,TWF,TWR,WDIST,model_year
acura,mdx 4dr suv awd,14,492,196,171,282,1970,118,186,40,89,120,98,111,169,168,58/42,mdx 4dr suv awd14
acura,rlx 4dr sedan awd hybrid,13,499,190,146,285,1980,133,56,37,80,113,100,114,163,163,57/43,rlx 4dr sedan awd hybrid13
audi,a3 cabriolet,14,444,180,136,260,1625,120,64,31,81,126,87,97,154,151,60/40,a3 cabriolet14
audi,a3 sedan 1.8 tfsi/2.0tdi,14,446,180,142,264,1440,120,47,34,78,108,87,95,156,153,60/40,a3 sedan 1.8 tfsi/2.0tdi14
audi,a3 sedan 2.0 tfsi,14,446,180,142,264,1525,120,47,34,78,108,87,95,156,153,60/40,a3 sedan 2.0 tfsi14
audi,a4 allroad 2.0 tfsi quattro,13,472,184,147,281,1765,136,152,33,80,108,88,103,158,157,53/47,a4 allroad 2.0 tfsi quattro13
audi,a6 4dr sedan 2.0 tfsi quattro,11,492,187,146,291,1795,140,58,37,80,111,92,109,163,162,55/45,a6 4dr sedan 2.0 tfsi quattro11
audi,a6 4dr sedan 3.0 tfsi quattro,11,492,187,146,291,1860,140,58,37,80,111,92,109,163,162,55/45,a6 4dr sedan 3.0 tfsi quattro11
audi,a6 4dr sedan tdi quattro,11,492,187,146,291,1895,140,58,37,80,111,92,109,163,162,55/45,a6 4dr sedan tdi quattro11
audi,a7 4dr sportback 3.0 tfsi quattro/tdi quattro,11,497,191,142,291,1910,140,230,34,78,112,93,112,164,164,54/46,a7 4dr sportback 3.0 tfsi quattro/tdi quattro11
audi,rs7 4dr sportback 4.0 tfsi quattro,14,501,191,142,291,2030,144,232,34,78,112,97,114,164,164,54/46,rs7 4dr sportback 4.0 tfsi quattro14
audi,s3 sedan tfsi quattro,14,447,180,142,264,1565,120,47,34,78,108,87,95,155,153,60/40,s3 sedan tfsi quattro14
audi,s6 4dr sedan 4.0 tfsi quattro,11,492,187,146,291,1995,140,58,37,80,111,92,109,163,162,55/45,s6 4dr sedan 4.0 tfsi quattro11
audi,s7 4dr sportback 4.0 tfsi quattro,11,497,191,142,291,2045,140,230,34,78,112,93,112,164,164,54/46,s7 4dr sportback 4.0 tfsi quattro11
bmw,2 series 228i 2dr coupe rwd,14,443,177,142,268,1460,134,53,34,81,104,78,96,152,156,53/47,2 series 228i 2dr coupe rwd14
bmw,2 series m235i 2dr coupe rwd,14,443,177,142,268,1530,134,53,34,81,104,78,96,152,156,53/47,2 series m235i 2dr coupe rwd14
bmw,2 series m235i xdrive 2dr coupe awd,14,443,177,142,268,1600,134,53,34,81,104,78,96,152,156,50/50,2 series m235i xdrive 2dr coupe awd14
bmw,3 series 320i 4dr sedan rwd,12,463,181,143,281,1474,137,52,37,77,109,78,104,154,158,50/50,3 series 320i 4dr sedan rwd12
bmw,3 series 320i xdrive 4dr sedan awd,12,463,181,143,281,1565,137,52,37,77,109,78,104,154,158,50/50,3 series 320i xdrive 4dr sedan awd12
bmw,3 series 328d xdrive 4dr sedan awd,12,463,181,143,281,1642,137,52,37,77,109,78,104,154,158,50/50,3 series 328d xdrive 4dr sedan awd12
bmw,3 series 328i 4dr sedan rwd,12,463,181,143,281,1524,137,52,37,77,109,78,104,154,158,50/50,3 series 328i 4dr sedan rwd12
bmw,3 series 328i xdrive 4dr sedan awd,12,463,181,143,281,1630,137,52,37,77,109,78,104,154,158,50/50,3 series 328i xdrive 4dr sedan awd12
bmw,3 series 328i xdrive gran turismo,14,483,183,151,292,1776,141,119,38,82,108,81,110,154,159,49/51,3 series 328i xdrive gran turismo14
bmw,3 series 335i xdrive gran turismo,14,483,183,151,292,1819,141,119,38,82,108,81,110,154,159,49/51,3 series 335i xdrive gran turismo14
bmw,3 series 340i 4dr sedan rwd,12,463,181,143,281,1608,137,52,37,77,109,78,104,154,158,52/48,3 series 340i 4dr sedan rwd12
bmw,3 series 340i xdrive 4dr sedan awd,12,463,181,143,281,1676,137,52,37,77,109,78,104,154,158,52/48,3 series 340i xdrive 4dr sedan awd12
bmw,3 series touring 328d xdrive 4dr wagon,13,463,181,143,281,1719,137,163,37,77,103,78,104,153,157,49/51,3 series touring 328d xdrive 4dr wagon13
bmw,3 series touring 328i xdrive 4dr wagon,13,463,181,143,281,1715,137,163,37,77,103,78,104,153,157,49/51,3 series touring 328i xdrive 4dr wagon13
bmw,4 series  428i 2dr cabriolet rwd,14,464,183,138,281,1812,137,65,35,80,124,79,104,155,159,50/50,4 series  428i 2dr cabriolet rwd14
bmw,4 series  428i 2dr coupe rwd,14,464,183,138,281,1551,137,53,35,80,106,79,104,155,159,50/50,4 series  428i 2dr coupe rwd14
bmw,4 series  428i xdrive 2dr cabriolet awd,14,464,183,138,281,1887,137,65,35,80,124,79,104,155,159,50/50,4 series  428i xdrive 2dr cabriolet awd14
bmw,4 series  428i xdrive 2dr coupe awd,14,464,183,138,281,1649,137,53,35,80,106,79,104,155,159,50/50,4 series  428i xdrive 2dr coupe awd14
bmw,4 series  435i 2dr cabriolet rwd,14,464,183,138,281,1864,137,65,35,80,124,79,104,155,159,50/50,4 series  435i 2dr cabriolet rwd14
bmw,4 series  435i 2dr coupe rwd,14,464,183,138,281,1624,137,53,35,80,106,79,104,155,159,50/50,4 series  435i 2dr coupe rwd14
bmw,4 series  435i xdrive 2dr cabriolet awd,14,464,183,138,281,1937,137,65,35,80,124,79,104,155,159,50/50,4 series  435i xdrive 2dr cabriolet awd14
bmw,4 series  435i xdrive 2dr coupe awd,14,464,183,138,281,1694,137,53,35,80,106,79,104,155,159,50/50,4 series  435i xdrive 2dr coupe awd14
bmw,4 series gran coupe 428i 4dr sedan rwd,14,464,183,139,281,1617,137,100,35,80,106,79,104,155,159,49/51,4 series gran coupe 428i 4dr sedan rwd14
bmw,4 series gran coupe 428i xdrive 4dr sedan awd,14,464,183,139,281,1696,137,100,35,80,106,79,104,155,159,50/50,4 series gran coupe 428i xdrive 4dr sedan awd14
bmw,4 series gran coupe 435i 4dr sedan rwd,14,464,183,139,281,1696,137,100,35,80,106,79,104,155,159,50/50,4 series gran coupe 435i 4dr sedan rwd14
bmw,4 series gran coupe 435i xdrive 4dr sedan awd,14,464,183,139,281,1762,137,100,35,80,106,79,104,155,159,49/51,4 series gran coupe 435i xdrive 4dr sedan awd14
bmw,5 series 528i xdrive 4dr sedan awd,11,490,186,146,297,1815,148,55,38,81,111,83,110,160,163,51/49,5 series 528i xdrive 4dr sedan awd11
bmw,5 series 535d xdrive 4dr sedan awd,11,490,186,146,297,1930,148,55,38,81,111,83,110,160,163,51/49,5 series 535d xdrive 4dr sedan awd11
bmw,5 series 535i xdrive 4dr sedan awd,11,490,186,146,297,1885,148,55,38,81,111,83,110,160,163,51/49,5 series 535i xdrive 4dr sedan awd11
bmw,5 series 550i xdrive 4dr sedan awd,11,490,186,146,297,2010,148,55,38,81,111,83,110,160,163,51/49,5 series 550i xdrive 4dr sedan awd11
bmw,6 series  650i xdrive 2dr coupe awd,12,489,189,137,286,2000,158,60,32,82,107,94,110,160,167,54/46,6 series  650i xdrive 2dr coupe awd12
bmw,6 series cabriolet 650i xdrive 2dr conv awd,12,489,189,137,286,2109,158,N/A,32,82,N/A,94,110,160,167,52/48,6 series cabriolet 650i xdrive 2dr conv awd12
bmw,6 series gran coupe 640i xdrive 4dr sedan,13,501,189,139,297,1980,158,60,31,81,107,94,110,160,167,53/47,6 series gran coupe 640i xdrive 4dr sedan13
bmw,6 series gran coupe 650i xdrive 4dr sedan,13,501,189,139,297,2089,158,60,31,81,107,94,110,160,167,53/47,6 series gran coupe 650i xdrive 4dr sedan13
bmw,i series i3,14,400,178,158,257,1195,71,129,36,91,110,71,72,157,158,45/55,i series i314
bmw,i series i3 range extender,14,400,178,158,257,1315,71,129,36,91,110,71,72,157,158,45/55,i series i3 range extender14
bmw,i series i8,14,469,194,130,280,1575,132,48,26,79,107,96,93,164,158,49/51,i series i814
bmw,m3 4dr sedan rwd,14,467,188,143,281,1606,139,53,37,77,109,81,105,158,160,52/48,m3 4dr sedan rwd14
bmw,m4 2dr cabriolet rwd,14,467,187,139,281,1839,137,65,35,80,124,81,105,158,160,48/52,m4 2dr cabriolet rwd14
bmw,m4 2dr coupe rwd,14,467,187,138,281,1601,139,53,35,80,106,81,105,158,160,52/48,m4 2dr coupe rwd14
bmw,m5 4dr sedan rwd,12,491,186,146,296,1990,148,55,38,81,111,84,111,160,163,51/49,m5 4dr sedan rwd12
bmw,m6 2dr coupe rwd,12,489,189,137,285,1930,158,60,32,82,107,94,110,160,167,53/47,m6 2dr coupe rwd12
bmw,m6 cabriolet 2dr conv rwd,12,489,189,137,285,2045,158,N/A,32,82,N/A,94,110,160,167,50/50,m6 cabriolet 2dr conv rwd12
bmw,m6 gran coupe 4dr sedan,13,501,190,139,297,2009,158,60,31,81,107,94,110,163,161,52/48,m6 gran coupe 4dr sedan13
bmw,x3 xdrive28d 4dr suv,11,465,188,168,281,1919,138,158,44,85,114,85,97,162,163,50/50,x3 xdrive28d 4dr suv11
bmw,x3 xdrive28i 4dr suv,11,465,188,168,281,1882,138,158,44,85,114,85,97,162,163,50/50,x3 xdrive28i 4dr suv11
bmw,x3 xdrive35i 4dr suv,11,465,188,168,281,1919,138,158,44,85,114,85,97,162,163,50/50,x3 xdrive35i 4dr suv11
bmw,x5 xdrive35d 4dr suv,14,489,194,176,293,2236,140,179,44,91,113,89,107,164,165,50/50,x5 xdrive35d 4dr suv14
bmw,x5 xdrive35i 4dr suv,14,489,194,176,293,2173,140,179,44,91,113,89,107,164,165,50/50,x5 xdrive35i 4dr suv14
bmw,x5 xdrive50i 4dr suv,14,489,194,176,293,2336,140,179,44,91,113,89,107,164,165,50/50,x5 xdrive50i 4dr suv14
buick,enclave 4dr suv awd,13,513,201,182,302,2233,108,205,41,88,105,100,112,171,170,55/45,enclave 4dr suv awd13
buick,enclave 4dr suv fwd,13,513,201,182,302,2143,108,205,41,88,105,100,112,171,170,55/45,enclave 4dr suv fwd13
buick,encore 4dr suv awd,12,427,177,165,256,1523,111,138,39,90,102,94,77,154,154,60/40,encore 4dr suv awd12
buick,encore 4dr suv fwd,12,427,177,165,256,1468,111,138,39,90,102,94,77,154,154,60/40,encore 4dr suv fwd12
buick,verano 4dr sedan base/turbo,11,467,181,148,269,1497,120,54,37,82,105,100,99,154,156,61/39,verano 4dr sedan base/turbo11
cadillac,ats 2dr coupe 2.0l awd,14,468,185,136,277,1620,139,53,29,83,111,84,107,155,157,51/49,ats 2dr coupe 2.0l awd14
cadillac,ats 2dr coupe 2.0l rwd,14,468,185,136,277,1550,139,53,29,83,111,84,107,155,157,51/49,ats 2dr coupe 2.0l rwd14
cadillac,ats 2dr coupe 3.6l awd,14,468,185,136,277,1675,139,53,29,83,111,84,107,155,157,51/49,ats 2dr coupe 3.6l awd14
cadillac,ats 2dr coupe 3.6l rwd,14,468,185,136,277,1601,139,53,29,83,111,84,107,155,157,51/49,ats 2dr coupe 3.6l rwd14
cadillac,ats 4dr sedan base rwd,12,465,180,137,278,1503,140,53,32,81,108,83,104,152,154,50/50,ats 4dr sedan base rwd12
cadillac,ats 4dr sedan turbo/3.6l v6 awd,12,465,180,137,278,1607,140,53,32,81,108,83,104,152,154,51/49,ats 4dr sedan turbo/3.6l v6 awd12
cadillac,ats 4dr sedan turbo/3.6l v6 rwd,12,465,180,137,278,1530,140,53,32,81,108,83,104,152,154,51/49,ats 4dr sedan turbo/3.6l v6 rwd12
cadillac,ats-v 2dr coupe rwd,14,469,184,138,277,1725,139,53,29,83,111,84,107,155,157,51/49,ats-v 2dr coupe rwd14
cadillac,ats-v 4dr sedan rwd,12,467,181,141,278,1729,140,53,32,81,108,83,104,152,154,51/49,ats-v 4dr sedan rwd12
cadillac,cts 4dr sedan 2.0l awd,14,497,183,145,291,1713,145,61,34,85,108,87,119,156,157,50/50,cts 4dr sedan 2.0l awd14
cadillac,cts 4dr sedan 2.0l rwd,14,497,183,145,291,1642,145,61,34,85,108,87,119,156,157,50/50,cts 4dr sedan 2.0l rwd14
cadillac,cts 4dr sedan 3.6l awd,14,497,183,145,291,1763,145,61,34,85,108,87,119,156,157,50/50,cts 4dr sedan 3.6l awd14
cadillac,cts 4dr sedan 3.6l rwd,14,497,183,145,291,1703,145,61,34,85,108,87,119,156,157,50/50,cts 4dr sedan 3.6l rwd14
cadillac,cts vsport 4dr sedan rwd,14,497,183,145,291,1807,145,61,34,85,108,87,119,156,157,50/50,cts vsport 4dr sedan rwd14
cadillac,elr coupe,14,472,185,142,269,1846,121,47,28,90,111,105,99,158,159,N/A,elr coupe14
cadillac,xts 4dr sedan awd,12,513,185,148,284,1912,131,57,35,87,112,103,126,158,160,59/41,xts 4dr sedan awd12
cadillac,xts 4dr sedan fwd,12,513,185,148,284,1817,131,57,35,87,112,103,126,158,160,59/41,xts 4dr sedan fwd12
cadillac,escalade,14,518,204,189,295,2649,138,209,43,103,122,103,120,175,174,52/48,escalade14
cadillac,escalade esv,14,570,204,189,330,2740,138,261,43,103,122,103,137,175,174,51/49,escalade esv14
chevrolet,city express van,14,473,173,187,293,1475,100,208,48,98,126,95,84,152,152,52/48,city express van14
chevrolet,colorado crew cab l/box 2wd,14,571,189,179,357,1932,136,306,40,88,112,94,120,158,158,57/43,colorado crew cab l/box 2wd14
chevrolet,colorado crew cab l/box 4x4,14,571,189,179,357,2032,136,306,40,88,112,94,120,158,158,57/43,colorado crew cab l/box 4x414
chevrolet,colorado crew cab s/box 2wd,14,540,189,179,326,1833,136,275,40,88,112,94,120,158,158,57/43,colorado crew cab s/box 2wd14
chevrolet,colorado crew cab s/box 4x4,14,540,189,179,326,2001,136,275,40,88,112,94,120,158,158,57/43,colorado crew cab s/box 4x414
chevrolet,colorado extended cab l/box 2wd,14,540,189,179,326,1791,136,275,40,88,112,94,120,158,158,57/43,colorado extended cab l/box 2wd14
chevrolet,colorado extended cab l/box 4x4,14,540,189,179,326,1891,136,275,40,88,112,94,120,158,158,57/43,colorado extended cab l/box 4x414
chevrolet,corvette convertible stingray/z51,14,449,188,124,271,1525,159,94,27,74,128,91,87,160,157,49/51,corvette convertible stingray/z5114
chevrolet,corvette convertible z06,14,449,196,124,271,1624,159,94,27,74,128,91,87,160,157,50/50,corvette convertible z0614
chevrolet,corvette coupe stingray/z51,13,449,188,124,271,1497,159,41,27,74,102,91,87,160,157,49/51,corvette coupe stingray/z5113
chevrolet,corvette coupe z06,13,449,196,124,271,1599,159,41,27,74,102,91,87,160,157,50/50,corvette coupe z0613
chevrolet,impala 4dr sedan 2.5l ls/lt/ltz/2.4eco,13,511,185,150,284,1661,135,69,30,84,113,101,126,157,160,59/41,impala 4dr sedan 2.5l ls/lt/ltz/2.4eco13
chevrolet,impala 4dr sedan 3.6l lt/ltz,13,511,185,150,284,1717,135,69,30,84,113,101,126,157,160,59/41,impala 4dr sedan 3.6l lt/ltz13
chevrolet,malibu limited 4dr sedan ls/lt/ltz,14,487,185,146,274,1625,131,63,37,80,114,99,114,158,157,60/40,malibu limited 4dr sedan ls/lt/ltz14
chevrolet,silverado 1500 crew cab m/box 2wd,13,598,203,187,389,2341,136,328,44,89,129,100,108,175,172,57/43,silverado 1500 crew cab m/box 2wd13
chevrolet,silverado 1500 crew cab m/box 4x4,13,598,203,188,389,2431,136,328,44,89,129,100,108,175,172,59/41,silverado 1500 crew cab m/box 4x413
chevrolet,silverado 1500 crew cab s/box 2wd,13,573,203,188,365,2301,136,304,44,89,129,100,108,175,172,56/44,silverado 1500 crew cab s/box 2wd13
chevrolet,silverado 1500 crew cab s/box 4x4,13,573,203,188,365,2394,136,304,44,89,129,100,108,175,172,58/42,silverado 1500 crew cab s/box 4x413
chevrolet,silverado 1500 double cab m/box 2wd,13,573,203,188,365,2269,136,304,44,89,129,100,108,175,172,58/42,silverado 1500 double cab m/box 2wd13
chevrolet,silverado 1500 double cab m/box 4x4,13,573,203,188,365,2366,136,304,44,89,129,100,108,175,172,59/41,silverado 1500 double cab m/box 4x413
chevrolet,silverado 1500 reg cab l/box 2wd,13,559,203,187,338,2127,136,283,44,89,129,100,120,175,172,58/42,silverado 1500 reg cab l/box 2wd13
chevrolet,silverado 1500 reg cab l/box 4x4,13,559,203,187,338,2246,136,283,44,89,129,100,120,175,172,59/41,silverado 1500 reg cab l/box 4x413
chevrolet,silverado 1500 reg cab m/box 2wd,13,511,203,188,302,2051,136,234,44,89,129,100,108,175,172,58/42,silverado 1500 reg cab m/box 2wd13
chevrolet,silverado 1500 reg cab m/box 4x4,13,511,203,188,302,2154,136,234,44,89,129,100,108,175,172,60/40,silverado 1500 reg cab m/box 4x413
chevrolet,silverado 2500hd crew cab l/box 2wd,14,646,203,198,426,2836,136,376,44,89,129,100,120,175,172,N/A,silverado 2500hd crew cab l/box 2wd14
chevrolet,silverado 2500hd crew cab l/box 4x4,14,646,203,198,426,2991,136,376,44,89,129,100,120,175,172,N/A,silverado 2500hd crew cab l/box 4x414
chevrolet,silverado 2500hd crew cab m/box 2wd,14,598,203,199,390,2791,136,328,44,89,129,100,108,175,172,N/A,silverado 2500hd crew cab m/box 2wd14
chevrolet,silverado 2500hd crew cab m/box 4x4,14,598,203,199,390,2918,136,328,44,89,129,100,108,175,172,N/A,silverado 2500hd crew cab m/box 4x414
chevrolet,silverado 2500hd double cab l/box 2wd,14,622,203,198,402,2836,136,352,44,89,129,100,120,175,172,N/A,silverado 2500hd double cab l/box 2wd14
chevrolet,silverado 2500hd double cab l/box 4x4,14,622,203,198,402,2991,136,352,44,89,129,100,120,175,172,N/A,silverado 2500hd double cab l/box 4x414
chevrolet,silverado 2500hd double cab m/box 2wd,14,573,203,198,366,2791,136,304,44,89,129,100,108,175,172,N/A,silverado 2500hd double cab m/box 2wd14
chevrolet,silverado 2500hd double cab m/box 4x4,14,573,203,198,366,2918,136,304,44,89,129,100,108,175,172,N/A,silverado 2500hd double cab m/box 4x414
chevrolet,silverado 2500hd reg cab l/box 2wd,14,559,203,198,339,2554,136,283,44,89,129,100,120,175,172,N/A,silverado 2500hd reg cab l/box 2wd14
chevrolet,silverado 2500hd reg cab l/box 4x4,14,559,203,198,339,2704,136,283,44,89,129,100,120,175,172,N/A,silverado 2500hd reg cab l/box 4x414
chevrolet,silverado 3500hd crew cab l/box drw 2wd,14,646,244,198,426,3076,136,376,44,89,129,100,120,175,172,N/A,silverado 3500hd crew cab l/box drw 2wd14
chevrolet,silverado 3500hd crew cab l/box drw 4x4,14,646,244,198,426,3225,136,376,44,89,129,100,120,175,172,N/A,silverado 3500hd crew cab l/box drw 4x414
chevrolet,silverado 3500hd crew cab l/box srw 2wd,14,646,203,198,426,2899,136,376,44,89,129,100,120,175,172,N/A,silverado 3500hd crew cab l/box srw 2wd14
chevrolet,silverado 3500hd crew cab l/box srw 4x4,14,646,203,198,426,3054,136,376,44,89,129,100,120,175,172,N/A,silverado 3500hd crew cab l/box srw 4x414
chevrolet,silverado 3500hd crew cab m/box 2wd,14,598,203,199,390,2864,136,328,44,89,129,100,108,175,172,N/A,silverado 3500hd crew cab m/box 2wd14
chevrolet,silverado 3500hd crew cab m/box 4x4,14,598,203,199,390,2998,136,328,44,89,129,100,108,175,172,N/A,silverado 3500hd crew cab m/box 4x414
chevrolet,silverado 3500hd double cab l/box drw 2wd,14,622,244,197,402,2802,136,352,44,89,129,100,120,175,172,N/A,silverado 3500hd double cab l/box drw 2wd14
chevrolet,silverado 3500hd double cab l/box drw 4x4,14,622,244,197,402,2960,136,352,44,89,129,100,120,175,172,N/A,silverado 3500hd double cab l/box drw 4x414
chevrolet,silverado 3500hd double cab l/box srw 2wd,14,622,203,198,402,2619,136,352,44,89,129,100,120,175,172,N/A,silverado 3500hd double cab l/box srw 2wd14
chevrolet,silverado 3500hd double cab l/box srw 4x4,14,622,203,198,402,2763,136,352,44,89,129,100,120,175,172,N/A,silverado 3500hd double cab l/box srw 4x414
chevrolet,silverado 3500hd reg cab l/box drw 2wd,14,559,244,197,339,2802,136,283,44,89,129,100,120,175,172,N/A,silverado 3500hd reg cab l/box drw 2wd14
chevrolet,silverado 3500hd reg cab l/box drw 4x4,14,559,244,196,339,2960,136,283,44,89,129,100,120,175,172,N/A,silverado 3500hd reg cab l/box drw 4x414
chevrolet,silverado 3500hd reg cab l/box srw 2wd,14,559,203,196,339,2619,136,283,44,89,129,100,120,175,172,N/A,silverado 3500hd reg cab l/box srw 2wd14
chevrolet,silverado 3500hd reg cab l/box srw 4x4,14,559,203,198,339,2763,136,283,44,89,129,100,120,175,172,N/A,silverado 3500hd reg cab l/box srw 4x414
chevrolet,sonic 4dr sedan ls/lt/ltz/rs,11,440,174,152,253,1245,97,51,35,81,103,89,98,151,151,62/38,sonic 4dr sedan ls/lt/ltz/rs11
chevrolet,sonic 5dr hatchback ls/lt/ltz/rs,11,404,174,152,253,1230,97,121,35,82,103,89,62,151,151,62/38,sonic 5dr hatchback ls/lt/ltz/rs11
chevrolet,suburban 4dr suv awd,14,570,204,189,330,2620,138,261,43,103,122,103,137,173,173,51/49,suburban 4dr suv awd14
chevrolet,suburban 4dr suv rwd,14,570,204,189,330,2511,138,261,43,103,122,103,137,173,173,51/49,suburban 4dr suv rwd14
chevrolet,tahoe 4dr suv awd,14,518,204,189,295,2515,138,209,43,103,122,103,120,173,173,52/48,tahoe 4dr suv awd14
chevrolet,tahoe 4dr suv rwd,14,518,204,189,295,2408,138,209,43,103,122,103,120,173,173,52/48,tahoe 4dr suv rwd14
chevrolet,traverse ls/lt/ltz awd 4dr suv,13,517,199,178,302,2197,118,210,39,91,118,102,113,171,170,55/45,traverse ls/lt/ltz awd 4dr suv13
chevrolet,traverse ls/lt/ltz fwd 4dr suv,13,517,199,178,302,2107,118,210,39,91,118,102,113,171,170,55/45,traverse ls/lt/ltz fwd 4dr suv13
chevrolet,trax ls/lt/ltz fwd 4dr suv,13,426,178,167,256,1382,109,140,36,92,105,94,76,154,154,60/40,trax ls/lt/ltz fwd 4dr suv13
chevrolet,trax lt/ltz awd 4dr suv,13,426,178,167,256,1476,109,140,36,92,105,94,76,154,154,60/40,trax lt/ltz awd 4dr suv13
chrysler,200 4dr sedan awd,14,490,181,147,275,1721,128,55,36,85,125,105,110,161,158,60/40,200 4dr sedan awd14
chrysler,200 4dr sedan fwd,14,490,181,147,275,1575,128,55,36,85,125,105,110,161,158,60/40,200 4dr sedan fwd14
chrysler,300 4dr sedan hemi rwd,11,505,191,149,305,1937,139,63,34,89,118,92,108,163,162,54/46,300 4dr sedan hemi rwd11
chrysler,300 4dr sedan v6 awd,11,505,191,149,305,2047,139,63,34,89,118,92,108,163,162,54/46,300 4dr sedan v6 awd11
chrysler,300 4dr sedan v6 rwd,11,505,191,149,305,1797,139,63,34,89,118,92,108,163,162,52/48,300 4dr sedan v6 rwd11
dodge,dart 4dr sedan,13,468,183,147,271,1445,121,50,36,79,111,98,99,157,158,61/39,dart 4dr sedan13
dodge,durango 4dr suv awd v6,11,508,193,180,304,2262,131,218,40,96,125,86,118,162,163,56/44,durango 4dr suv awd v611
dodge,durango 4dr suv awd v8,11,508,193,180,304,2418,131,218,40,96,125,86,118,162,163,56/44,durango 4dr suv awd v811
dodge,viper 2dr coupe,14,446,194,125,251,1497,175,40,22,75,112,90,104,160,155,50/50,viper 2dr coupe14
fiat,500 2 dr hatchback pop/sport/lounge,11,355,163,152,230,1068,80,61,37,84,101,71,54,142,140,62/38,500 2 dr hatchback pop/sport/lounge11
fiat,500 2 dr hatchback turbo/abarth,12,367,163,150,230,1130,88,37,34,85,104,78,59,141,141,62/38,500 2 dr hatchback turbo/abarth12
fiat,500c 2 dr hatchback convertible pop/lounge,11,355,163,152,230,1098,80,61,37,84,101,71,54,142,140,63/37,500c 2 dr hatchback convertible pop/lounge11
fiat,500c 2 dr hatchback convertible turbo/abarth,12,367,163,150,230,1130,88,37,34,85,104,78,59,141,141,62/38,500c 2 dr hatchback convertible turbo/abarth12
fiat,500l 4dr hatchback pop/sport/trekking/lounge,13,425,179,165,261,1476,93,137,40,87,110,86,78,151,151,61/39,500l 4dr hatchback pop/sport/trekking/lounge13
ford,c-max energi 4dr hatchback,12,442,183,162,265,1750,98,150,43,89,117,91,86,154,153,59/41,c-max energi 4dr hatchback12
ford,c-max hybrid 4dr hatchback,12,442,183,162,265,1636,98,150,43,89,117,91,86,154,153,59/41,c-max hybrid 4dr hatchback12
ford,escape 4dr suv awd,12,454,184,168,269,1713,105,166,40,89,114,93,92,156,157,57/43,escape 4dr suv awd12
ford,escape 4dr suv fwd,12,454,184,168,269,1635,105,166,40,89,114,93,92,156,157,57/43,escape 4dr suv fwd12
ford,f-150 p/u reg cab 6.5-ft box 2wd,14,527,203,192,311,1837,133,247,48,96,140,96,120,172,172,58/42,f-150 p/u reg cab 6.5-ft box 2wd14
ford,f-150 p/u reg cab 6.5-ft box 4x4,14,527,203,195,311,1955,133,247,48,96,140,96,120,172,172,58/42,f-150 p/u reg cab 6.5-ft box 4x414
ford,f-150 p/u reg cab 8-ft box 2wd,14,574,203,191,358,1884,133,294,48,96,140,96,120,172,172,58/42,f-150 p/u reg cab 8-ft box 2wd14
ford,f-150 p/u reg cab 8-ft box 4x4,14,574,203,195,358,1989,133,294,48,96,140,96,120,172,172,58/42,f-150 p/u reg cab 8-ft box 4x414
ford,f-150 p/u super cab 6.5-ft box 2wd,14,584,203,192,368,1983,133,304,48,96,140,96,120,172,172,58/42,f-150 p/u super cab 6.5-ft box 2wd14
ford,f-150 p/u super cab 6.5-ft box 4x4,14,584,203,196,368,2081,133,304,48,96,140,96,120,172,172,58/42,f-150 p/u super cab 6.5-ft box 4x414
ford,f-150 p/u super cab 8-ft box 2wd,14,632,203,192,416,2059,133,352,48,96,140,96,120,172,172,58/42,f-150 p/u super cab 8-ft box 2wd14
ford,f-150 p/u super cab 8-ft box 4x4,14,632,203,196,416,2217,133,352,48,96,140,96,120,172,172,58/42,f-150 p/u super cab 8-ft box 4x414
ford,f-150 p/u super crew 5.5-ft box 2wd,14,584,203,192,368,2028,133,304,48,96,140,96,120,172,172,58/42,f-150 p/u super crew 5.5-ft box 2wd14
ford,f-150 p/u super crew 5.5-ft box 4x4,14,584,203,196,368,2130,133,304,48,96,140,96,120,172,172,58/42,f-150 p/u super crew 5.5-ft box 4x414
ford,f-150 p/u super crew 6.5-ft box 2wd,14,614,203,192,398,2087,133,334,48,96,140,96,120,172,172,58/42,f-150 p/u super crew 6.5-ft box 2wd14
ford,f-150 p/u super crew 6.5-ft box 4x4,14,614,203,196,398,2236,133,334,48,96,140,96,120,172,172,58/42,f-150 p/u super crew 6.5-ft box 4x414
ford,f-250 sd p/u crew cab l/box,11,657,203,196,439,2970,145,371,50,89,142,97,121,174,171,N/A,f-250 sd p/u crew cab l/box11
ford,f-250 sd p/u crew cab l/box 4x4,11,657,203,203,439,3149,145,371,50,89,142,97,121,174,171,N/A,f-250 sd p/u crew cab l/box 4x411
ford,f-250 sd p/u crew cab s/box,11,617,203,197,399,2922,145,331,50,89,142,97,121,174,171,N/A,f-250 sd p/u crew cab s/box11
ford,f-250 sd p/u crew cab s/box 4x4,11,617,203,202,399,3097,145,331,50,89,142,97,121,174,171,N/A,f-250 sd p/u crew cab s/box 4x411
ford,f-250 sd p/u reg cab l/box,11,568,203,195,350,2695,145,282,50,89,142,97,121,174,171,N/A,f-250 sd p/u reg cab l/box11
ford,f-250 sd p/u reg cab l/box 4x4,11,568,203,201,350,2881,145,282,50,89,142,97,121,174,171,N/A,f-250 sd p/u reg cab l/box 4x411
ford,f-250 sd p/u super cab l/box,11,621,203,195,403,2870,145,335,50,89,142,97,121,174,171,N/A,f-250 sd p/u super cab l/box11
ford,f-250 sd p/u super cab l/box 4x4,11,621,203,201,403,3053,145,335,50,89,142,97,121,174,171,N/A,f-250 sd p/u super cab l/box 4x411
ford,f-250 sd p/u super cab s/box,11,581,203,196,363,2826,145,295,50,89,142,97,121,174,171,N/A,f-250 sd p/u super cab s/box11
ford,f-250 sd p/u super cab s/box 4x4,11,581,203,202,363,3007,145,295,50,89,142,97,121,174,171,N/A,f-250 sd p/u super cab s/box 4x411
ford,f-350 sd p/u crew cab l/box,11,657,203,196,439,3001,145,371,50,89,142,97,121,174,171,N/A,f-350 sd p/u crew cab l/box11
ford,f-350 sd p/u crew cab l/box 4x4,11,657,203,205,439,3166,145,371,50,89,142,97,121,174,171,N/A,f-350 sd p/u crew cab l/box 4x411
ford,f-350 sd p/u crew cab l/box drw,11,657,244,196,439,3201,145,371,50,89,142,97,121,174,190,N/A,f-350 sd p/u crew cab l/box drw11
ford,f-350 sd p/u crew cab l/box drw 4x4,11,657,244,203,439,3384,145,371,50,89,142,97,121,174,190,N/A,f-350 sd p/u crew cab l/box drw 4x411
ford,f-350 sd p/u crew cab s/box,11,617,203,196,399,2940,145,331,50,89,142,97,121,174,171,N/A,f-350 sd p/u crew cab s/box11
ford,f-350 sd p/u crew cab s/box 4x4,11,617,203,205,399,3114,145,331,50,89,142,97,121,174,171,N/A,f-350 sd p/u crew cab s/box 4x411
ford,f-350 sd p/u reg cab l/box,11,568,203,194,350,2726,145,282,50,89,142,97,121,174,171,N/A,f-350 sd p/u reg cab l/box11
ford,f-350 sd p/u reg cab l/box 4x4,11,568,203,203,350,2913,145,282,50,89,142,97,121,174,171,N/A,f-350 sd p/u reg cab l/box 4x411
ford,f-350 sd p/u reg cab l/box drw,11,568,244,195,350,2918,145,282,50,89,142,97,121,174,190,N/A,f-350 sd p/u reg cab l/box drw11
ford,f-350 sd p/u reg cab l/box drw 4x4,11,568,244,202,350,3107,145,282,50,89,142,97,121,174,190,N/A,f-350 sd p/u reg cab l/box drw 4x411
ford,f-350 sd p/u super cab l/box,11,621,203,195,403,2888,145,335,50,89,142,97,121,174,171,N/A,f-350 sd p/u super cab l/box11
ford,f-350 sd p/u super cab l/box 4x4,11,621,203,204,403,3070,145,335,50,89,142,97,121,174,171,N/A,f-350 sd p/u super cab l/box 4x411
ford,f-350 sd p/u super cab l/box drw,11,621,244,195,403,3098,145,335,50,89,142,97,121,174,190,N/A,f-350 sd p/u super cab l/box drw11
ford,f-350 sd p/u super cab l/box drw 4x4,11,621,244,202,403,3285,145,335,50,89,142,97,121,174,190,N/A,f-350 sd p/u super cab l/box drw 4x411
ford,f-350 sd p/u super cab s/box,11,581,203,195,363,2857,145,295,50,89,142,97,121,174,171,N/A,f-350 sd p/u super cab s/box11
ford,f-350 sd p/u super cab s/box 4x4,11,581,203,204,363,3033,145,295,50,89,142,97,121,174,171,N/A,f-350 sd p/u super cab s/box 4x411
ford,f-450 sd p/u crew cab l/box drw 4x4,11,657,244,202,439,3906,145,371,50,89,142,97,121,174,190,N/A,f-450 sd p/u crew cab l/box drw 4x411
ford,fiesta 4dr hatch s/se/titanium,13,406,172,148,249,1151,99,121,35,80,104,85,72,147,145,59/41,fiesta 4dr hatch s/se/titanium13
ford,fiesta 4dr sedan s/se/titanium,13,440,172,148,249,1169,99,51,33,80,103,85,106,146,145,59/41,fiesta 4dr sedan s/se/titanium13
ford,fiesta st 4dr hatchback,13,407,172,145,249,1244,99,122,35,82,104,85,73,147,145,59/41,fiesta st 4dr hatchback13
ford,focus 4dr hatchback se/titanium,11,436,183,147,265,1327,105,143,36,80,110,90,82,155,153,60/40,focus 4dr hatchback se/titanium11
ford,focus 4dr sedan s/se/titanium,11,453,183,147,265,1340,106,43,36,81,110,89,99,155,153,60/40,focus 4dr sedan s/se/titanium11
ford,focus electric 4d hatchback,12,438,182,148,265,1666,107,142,37,81,111,92,81,154,152,49/51,focus electric 4d hatchback12
ford,focus st/rs 4dr hatchback,12,439,182,147,265,1475,107,142,37,81,111,92,82,154,152,60/40,focus st/rs 4dr hatchback12
ford,mustang gt 2dr convertible rwd,14,478,192,139,272,1756,153,69,29,81,129,95,112,159,165,54/46,mustang gt 2dr convertible rwd14
ford,mustang gt 2dr coupe rwd,14,478,192,138,272,1681,153,63,29,81,117,95,112,158,165,54/46,mustang gt 2dr coupe rwd14
ford,mustang v6/ecoboost 2dr convertible rwd,14,478,192,139,272,1675,153,69,29,81,129,95,112,159,165,52/48,mustang v6/ecoboost 2dr convertible rwd14
ford,mustang v6/ecoboost 2dr coupe rwd,14,478,192,138,272,1598,153,63,29,81,117,95,112,158,165,52/48,mustang v6/ecoboost 2dr coupe rwd14
ford,police interceptor utility,11,501,200,179,286,2173,118,197,40,95,127,96,117,170,170,N/A,police interceptor utility11
ford,transit connect van xl/xlt,13,481,184,179,306,1624,90,217,49,86,119,87,88,156,158,55/45,transit connect van xl/xlt13
ford,transit connect wagon xl/xlt/titanium,13,481,184,179,306,1804,90,217,49,86,119,87,88,156,158,55/45,transit connect wagon xl/xlt/titanium13
ford,transit van 150 long wb low roof,13,604,207,211,375,2268,82,345,66,105,163,102,126,173,174,N/A,transit van 150 long wb low roof13
ford,transit van 150 long wb medium roof,13,598,207,256,375,2268,82,345,66,105,163,102,120,173,174,N/A,transit van 150 long wb medium roof13
ford,transit van 150 regular wb low roof,13,559,207,212,330,2268,82,300,66,105,163,102,126,173,174,N/A,transit van 150 regular wb low roof13
ford,transit van 150 regular wb medium roof,13,553,207,256,330,2268,82,300,66,105,163,102,120,173,174,N/A,transit van 150 regular wb medium roof13
ford,transit van 250 long wb el high roof,13,670,207,278,375,2268,82,417,66,105,163,102,193,173,174,N/A,transit van 250 long wb el high roof13
ford,transit van 250 long wb high roof,13,598,207,280,375,2268,82,345,66,105,163,102,120,173,174,N/A,transit van 250 long wb high roof13
ford,transit van 250 long wb low roof,13,604,207,211,375,2268,82,345,66,105,163,102,126,173,174,N/A,transit van 250 long wb low roof13
ford,transit van 250 long wb medium roof,13,598,207,256,375,2268,82,345,66,105,163,102,120,173,174,N/A,transit van 250 long wb medium roof13
ford,transit van 250 regular wb low roof,13,559,207,212,330,2268,82,300,66,105,163,102,126,173,174,N/A,transit van 250 regular wb low roof13
ford,transit van 250 regular wb medium roof,13,553,207,256,330,2268,82,300,66,105,163,102,120,173,174,N/A,transit van 250 regular wb medium roof13
ford,transit van 350 long wb el high roof,13,670,207,278,375,2318,82,417,66,105,163,102,193,173,174,N/A,transit van 350 long wb el high roof13
ford,transit van 350 long wb high roof,13,598,207,280,375,2318,82,345,66,105,163,102,120,173,174,N/A,transit van 350 long wb high roof13
ford,transit van 350 long wb low roof,13,604,207,211,375,2318,82,345,66,105,163,102,126,173,174,N/A,transit van 350 long wb low roof13
ford,transit van 350 long wb medium roof,13,598,207,256,375,2318,82,345,66,105,163,102,120,173,174,N/A,transit van 350 long wb medium roof13
ford,transit van 350hd drw el high roof,13,670,213,278,375,2590,82,417,66,105,163,102,193,173,167,N/A,transit van 350hd drw el high roof13
ford,transit wagon 150 low roof,13,559,207,209,330,2526,82,300,66,105,163,102,126,173,174,N/A,transit wagon 150 low roof13
ford,transit wagon 150 mid roof,13,553,207,251,330,2526,82,300,66,105,163,102,120,173,174,N/A,transit wagon 150 mid roof13
ford,transit wagon 350 high roof,13,598,207,276,375,2881,82,345,66,105,163,102,120,173,174,N/A,transit wagon 350 high roof13
ford,transit wagon 350 low roof,13,604,207,209,375,2881,82,345,66,105,163,102,126,173,174,N/A,transit wagon 350 low roof13
ford,transit wagon 350 mid roof,13,598,207,252,375,2881,82,345,66,105,163,102,120,173,174,N/A,transit wagon 350 mid roof13
ford,transit wagon 350hd drw high roof,13,670,213,274,375,3016,82,417,66,105,163,102,193,173,167,N/A,transit wagon 350hd drw high roof13
gmc,acadia 4dr suv awd,13,511,200,185,302,2200,106,207,41,89,114,98,111,170,170,55/45,acadia 4dr suv awd13
gmc,acadia 4dr suv fwd,13,511,200,185,302,2112,106,207,41,89,114,98,111,171,170,55/45,acadia 4dr suv fwd13
gmc,canyon crew cab l/box 2wd,14,571,189,179,357,1932,136,306,40,88,112,94,120,158,158,57/43,canyon crew cab l/box 2wd14
gmc,canyon crew cab l/box 4x4,14,571,189,179,357,2032,136,306,40,88,112,94,120,158,158,57/43,canyon crew cab l/box 4x414
gmc,canyon crew cab s/box 2wd,14,540,189,179,326,1833,136,275,40,88,112,94,120,158,158,57/43,canyon crew cab s/box 2wd14
gmc,canyon crew cab s/box 4x4,14,540,189,179,326,2001,136,275,40,88,112,94,120,158,158,57/43,canyon crew cab s/box 4x414
gmc,canyon extended cab l/box 2wd,14,540,189,179,326,1791,136,275,40,88,112,94,120,158,158,57/43,canyon extended cab l/box 2wd14
gmc,canyon extended cab l/box 4x4,14,540,189,179,326,1891,136,275,40,88,112,94,120,158,158,57/43,canyon extended cab l/box 4x414
gmc,sierra 1500 crew cab m/box 2wd,13,598,203,187,389,2341,136,328,44,89,129,100,108,175,172,57/43,sierra 1500 crew cab m/box 2wd13
gmc,sierra 1500 crew cab m/box 4x4,13,598,203,188,389,2431,136,328,44,89,129,100,108,175,172,59/41,sierra 1500 crew cab m/box 4x413
gmc,sierra 1500 crew cab m/box denali,13,598,203,188,389,2415,136,328,44,89,129,100,108,175,172,59/41,sierra 1500 crew cab m/box denali13
gmc,sierra 1500 crew cab s/box 2wd,13,573,203,188,365,2301,136,304,44,89,129,100,108,175,172,56/44,sierra 1500 crew cab s/box 2wd13
gmc,sierra 1500 crew cab s/box 4x4,13,573,203,188,365,2394,136,304,44,89,129,100,108,175,172,58/42,sierra 1500 crew cab s/box 4x413
gmc,sierra 1500 crew cab s/box denali,13,573,203,188,365,2371,136,304,44,89,129,100,108,175,172,58/42,sierra 1500 crew cab s/box denali13
gmc,sierra 1500 double cab m/box 2wd,13,573,203,188,365,2269,136,304,44,89,129,100,108,175,172,58/42,sierra 1500 double cab m/box 2wd13
gmc,sierra 1500 double cab m/box 4x4,13,573,203,188,365,2366,136,304,44,89,129,100,108,175,172,59/41,sierra 1500 double cab m/box 4x413
gmc,sierra 1500 reg cab l/box 2wd,13,559,203,187,338,2127,136,283,44,89,129,100,120,175,172,58/42,sierra 1500 reg cab l/box 2wd13
gmc,sierra 1500 reg cab l/box 4x4,13,559,203,187,338,2246,136,283,44,89,129,100,120,175,172,59/41,sierra 1500 reg cab l/box 4x413
gmc,sierra 1500 reg cab m/box 2wd,13,511,203,188,302,2051,136,234,44,89,129,100,108,175,172,58/42,sierra 1500 reg cab m/box 2wd13
gmc,sierra 1500 reg cab m/box 4x4,13,511,203,188,302,2154,136,234,44,89,129,100,108,175,172,60/40,sierra 1500 reg cab m/box 4x413
gmc,sierra 2500hd crew cab l/box 2wd,14,646,203,198,426,2836,136,376,44,89,129,100,120,175,172,N/A,sierra 2500hd crew cab l/box 2wd14
gmc,sierra 2500hd crew cab l/box 4x4,14,646,203,198,426,2991,136,376,44,89,129,100,120,175,172,N/A,sierra 2500hd crew cab l/box 4x414
gmc,sierra 2500hd crew cab m/box 2wd,14,598,203,199,390,2791,136,328,44,89,129,100,108,175,172,N/A,sierra 2500hd crew cab m/box 2wd14
gmc,sierra 2500hd crew cab m/box 4x4,14,598,203,199,390,2918,136,328,44,89,129,100,108,175,172,N/A,sierra 2500hd crew cab m/box 4x414
gmc,sierra 2500hd crew cab m/box 4x4 denali,14,598,203,199,390,2971,136,328,44,89,129,100,108,175,172,N/A,sierra 2500hd crew cab m/box 4x4 denali14
gmc,sierra 2500hd double cab l/box 2wd,14,622,203,198,402,2836,136,352,44,89,129,100,120,175,172,N/A,sierra 2500hd double cab l/box 2wd14
gmc,sierra 2500hd double cab l/box 4x4,14,622,203,198,402,2991,136,352,44,89,129,100,120,175,172,N/A,sierra 2500hd double cab l/box 4x414
gmc,sierra 2500hd double cab m/box 2wd,14,573,203,198,366,2791,136,304,44,89,129,100,108,175,172,N/A,sierra 2500hd double cab m/box 2wd14
gmc,sierra 2500hd double cab m/box 4x4,14,573,203,198,366,2918,136,304,44,89,129,100,108,175,172,N/A,sierra 2500hd double cab m/box 4x414
gmc,sierra 2500hd reg cab l/box 2wd,14,559,203,198,339,2554,136,283,44,89,129,100,120,175,172,N/A,sierra 2500hd reg cab l/box 2wd14
gmc,sierra 2500hd reg cab l/box 4x4,14,559,203,198,339,2704,136,283,44,89,129,100,120,175,172,N/A,sierra 2500hd reg cab l/box 4x414
gmc,sierra 3500hd crew cab l/box drw 2wd,14,646,244,198,426,3076,136,376,44,89,129,100,120,175,172,N/A,sierra 3500hd crew cab l/box drw 2wd14
gmc,sierra 3500hd crew cab l/box drw 4x4,14,646,244,198,426,3225,136,376,44,89,129,100,120,175,172,N/A,sierra 3500hd crew cab l/box drw 4x414
gmc,sierra 3500hd crew cab l/box drw 4x4 denali,14,646,244,198,426,3635,136,376,44,89,129,100,120,175,172,N/A,sierra 3500hd crew cab l/box drw 4x4 denali14
gmc,sierra 3500hd crew cab l/box srw 2wd,14,646,203,198,426,2899,136,376,44,89,129,100,120,175,172,N/A,sierra 3500hd crew cab l/box srw 2wd14
gmc,sierra 3500hd crew cab l/box srw 4x4,14,646,203,198,426,3054,136,376,44,89,129,100,120,175,172,N/A,sierra 3500hd crew cab l/box srw 4x414
gmc,sierra 3500hd crew cab m/box 2wd,14,598,203,199,390,2864,136,328,44,89,129,100,108,175,172,N/A,sierra 3500hd crew cab m/box 2wd14
gmc,sierra 3500hd crew cab m/box 4x4,14,598,203,199,390,2998,136,328,44,89,129,100,108,175,172,N/A,sierra 3500hd crew cab m/box 4x414
gmc,sierra 3500hd crew cab m/box 4x4 denali,14,598,203,199,390,3048,136,328,44,89,129,100,108,175,172,N/A,sierra 3500hd crew cab m/box 4x4 denali14
gmc,sierra 3500hd double cab l/box drw 2wd,14,622,244,197,402,2802,136,352,44,89,129,100,120,175,172,N/A,sierra 3500hd double cab l/box drw 2wd14
gmc,sierra 3500hd double cab l/box drw 4x4,14,622,244,197,402,2960,136,352,44,89,129,100,120,175,172,N/A,sierra 3500hd double cab l/box drw 4x414
gmc,sierra 3500hd double cab l/box srw 2wd,14,622,203,198,402,2619,136,352,44,89,129,100,120,175,172,N/A,sierra 3500hd double cab l/box srw 2wd14
gmc,sierra 3500hd double cab l/box srw 4x4,14,622,203,198,402,2763,136,352,44,89,129,100,120,175,172,N/A,sierra 3500hd double cab l/box srw 4x414
gmc,sierra 3500hd reg cab l/box drw 2wd,14,559,244,197,339,2802,136,283,44,89,129,100,120,175,172,N/A,sierra 3500hd reg cab l/box drw 2wd14
gmc,sierra 3500hd reg cab l/box drw 4x4,14,559,244,196,339,2960,136,283,44,89,129,100,120,175,172,N/A,sierra 3500hd reg cab l/box drw 4x414
gmc,sierra 3500hd reg cab l/box srw 2wd,14,559,203,196,339,2619,136,283,44,89,129,100,120,175,172,N/A,sierra 3500hd reg cab l/box srw 2wd14
gmc,sierra 3500hd reg cab l/box srw 4x4,14,559,203,198,339,2763,136,283,44,89,129,100,120,175,172,N/A,sierra 3500hd reg cab l/box srw 4x414
gmc,yukon 4dr suv 4wd denali,14,518,204,189,295,2606,138,209,43,103,122,102,120,175,174,52/48,yukon 4dr suv 4wd denali14
gmc,yukon 4dr suv 4wd sle/slt,14,518,204,189,295,2515,138,209,43,103,122,102,120,175,174,52/48,yukon 4dr suv 4wd sle/slt14
gmc,yukon 4dr suv rwd sle/slt,14,518,204,189,295,2408,138,209,43,103,122,102,120,175,174,52/48,yukon 4dr suv rwd sle/slt14
gmc,yukon-xl 4dr suv 4wd denali,14,570,204,189,330,2713,138,261,43,103,122,103,137,175,174,51/49,yukon-xl 4dr suv 4wd denali14
gmc,yukon-xl 4dr suv 4wd sle/slt,14,570,204,189,330,2620,138,261,43,103,122,103,137,175,174,51/49,yukon-xl 4dr suv 4wd sle/slt14
gmc,yukon-xl 4dr suv rwd sle/slt,14,570,204,189,330,2511,138,261,43,103,122,103,137,175,174,51/49,yukon-xl 4dr suv rwd sle/slt14
honda,cr-z 2 dr hatchback,11,408,174,139,244,1205,107,20,31,80,100,95,69,152,150,59/41,cr-z 2 dr hatchback11
honda,fit 4dr hatch fwd dx/lx,14,406,170,148,253,1131,87,135,39,82,100,81,72,146,146,62/38,fit 4dr hatch fwd dx/lx14
honda,fit 4dr hatch fwd ex/ex-l navi,14,406,170,148,253,1170,87,135,39,82,100,81,72,146,146,62/38,fit 4dr hatch fwd ex/ex-l navi14
honda,odyssey 4dr minivan ex-l res/ex-l navi/touring,11,515,201,174,300,2067,99,212,43,90,132,94,120,172,173,56/44,odyssey 4dr minivan ex-l res/ex-l navi/touring11
honda,odyssey 4dr minivan lx/se/ex/ex res,11,515,201,174,300,1996,99,212,43,90,132,94,120,172,173,56/44,odyssey 4dr minivan lx/se/ex/ex res11
hyundai,accent 4dr hatchback l/gl/gls (manual),11,412,170,145,257,1129,104,130,37,79,105,82,73,149,149,62/38,accent 4dr hatchback l/gl/gls (manual)11
hyundai,accent 4dr hatchback le/gl/se/gls (auto),11,412,170,145,257,1159,104,130,37,79,105,82,73,149,149,62/38,accent 4dr hatchback le/gl/se/gls (auto)11
hyundai,accent 4dr sedan l (manual),11,437,172,145,257,1125,103,50,36,79,106,82,97,149,150,62/38,accent 4dr sedan l (manual)11
hyundai,accent 4dr sedan le/gl/se/gls (auto),11,437,172,145,257,1155,103,50,36,79,106,82,97,149,150,62/38,accent 4dr sedan le/gl/se/gls (auto)11
hyundai,elantra 4dr sedan,14,455,178,145,270,1305,104,50,33,80,114,87,99,156,158,62/38,elantra 4dr sedan14
hyundai,elantra gt 5dr hatchback,12,429,178,145,264,1295,105,131,36,81,108,88,77,155,156,61/39,elantra gt 5dr hatchback12
hyundai,equus 4dr sedan signature/ultimate,11,516,189,149,305,2052,139,65,38,83,116,89,123,162,163,52/48,equus 4dr sedan signature/ultimate11
hyundai,genesis 2dr coupe rwd 3.8 gt,12,463,186,139,282,1628,134,52,31,77,116,83,98,163,162,55/45,genesis 2dr coupe rwd 3.8 gt12
hyundai,genesis 4dr sedan awd 3.8 premium/3.8 lux/3.8 tec,14,499,190,147,301,1948,142,56,35,85,110,85,113,164,167,52/48,genesis 4dr sedan awd 3.8 premium/3.8 lux/3.8 tec14
hyundai,genesis 4dr sedan awd 5.0 ultimate,14,499,190,147,301,2126,142,56,35,85,110,85,113,164,167,52/48,genesis 4dr sedan awd 5.0 ultimate14
hyundai,santa fe sport awd 4dr suv,13,469,188,169,270,1640,121,167,37,94,116,93,106,163,164,56/44,santa fe sport awd 4dr suv13
hyundai,santa fe sport fwd 4dr suv,13,469,188,169,270,1569,121,167,37,94,116,93,106,163,164,56/44,santa fe sport fwd 4dr suv13
hyundai,santa fe xl awd 4dr suv,13,490,189,170,280,1968,124,191,36,93,116,95,115,163,164,56/44,santa fe xl awd 4dr suv13
hyundai,santa fe xl fwd 4dr suv,13,490,189,170,280,1790,124,191,36,93,116,95,115,163,164,56/44,santa fe xl fwd 4dr suv13
hyundai,veloster 3dr hatchback,11,422,179,140,265,1243,106,113,31,80,114,83,74,156,156,60/40,veloster 3dr hatchback11
hyundai,veloster turbo 3dr hatchback,11,425,181,140,265,1172,108,114,31,80,114,85,75,156,157,60/40,veloster turbo 3dr hatchback11
jeep,cherokee 4dr suv awd,14,462,186,169,270,1788,127,161,40,83,122,100,93,157,157,57/43,cherokee 4dr suv awd14
jeep,cherokee 4dr suv fwd,14,462,186,169,270,1669,127,161,40,83,122,100,93,157,157,57/43,cherokee 4dr suv fwd14
jeep,grand cherokee 4dr suv laredo 4x4,13,482,194,176,292,2121,133,169,40,91,127,88,102,162,163,51/49,grand cherokee 4dr suv laredo 4x413
jeep,grand cherokee 4dr suv limited 4x4,13,482,194,176,292,2211,133,169,40,91,127,88,102,162,163,53/47,grand cherokee 4dr suv limited 4x413
jeep,grand cherokee 4dr suv overland/summit 4x4,13,482,194,176,292,2261,133,169,40,91,127,88,102,162,163,53/47,grand cherokee 4dr suv overland/summit 4x413
jeep,grand cherokee srt 4dr suv,13,486,196,176,292,2336,134,169,40,94,126,90,106,162,163,53/47,grand cherokee srt 4dr suv13
kia,cadenza /premium 4dr sedan,14,497,185,148,285,1660,131,63,37,83,111,97,116,160,160,59/41,cadenza /premium 4dr sedan14
kia,forte 4dr sedan,14,456,178,143,270,1318,107,51,35,79,111,88,98,156,157,62/38,forte 4dr sedan14
kia,forte koupe ex 2dr coupe,14,453,178,141,270,1302,107,49,30,80,113,88,95,156,157,63/37,forte koupe ex 2dr coupe14
kia,forte koupe sx/sx luxury 2dr coupe,14,453,178,141,270,1353,107,49,30,80,113,88,95,156,157,63/37,forte koupe sx/sx luxury 2dr coupe14
kia,forte lx 4dr sedan,14,456,178,143,270,1272,107,51,35,79,111,88,98,156,157,62/38,forte lx 4dr sedan14
kia,forte5 lx/ex 5dr hatchback,14,435,178,145,270,1321,107,135,34,79,111,88,77,156,157,62/38,forte5 lx/ex 5dr hatchback14
kia,forte5 sx/sx luxury 5dr hatchback,14,435,178,145,270,1372,107,135,34,79,111,88,77,156,157,62/38,forte5 sx/sx luxury 5dr hatchback14
kia,k900 v6 4dr sedan,14,509,190,149,305,1940,139,56,35,87,116,88,117,161,165,50/50,k900 v6 4dr sedan14
kia,k900 v8 elite 4dr sedan,14,509,190,149,305,2066,139,56,35,87,116,88,117,161,165,50/50,k900 v8 elite 4dr sedan14
kia,rio 4dr sedan,12,436,172,146,257,1131,94,50,34,79,109,81,98,152,153,63/37,rio 4dr sedan12
kia,rio 5dr hatchback,12,405,172,146,257,1124,94,121,34,80,108,81,67,152,153,63/37,rio 5dr hatchback12
kia,rondo lx - 5 passenger,14,452,181,161,275,1445,100,168,38,91,105,94,83,157,159,60/40,rondo lx - 5 passenger14
kia,rondo lx/ex/ex luxury - 7 passenger,14,452,181,161,275,1505,100,168,38,91,105,94,83,157,159,60/40,rondo lx/ex/ex luxury - 7 passenger14
kia,soul ev,14,414,180,160,257,1492,104,152,33,90,103,83,73,157,159,61/39,soul ev14
kia,soul ex/sx,14,414,180,160,257,1287,104,152,33,90,103,83,73,157,159,61/39,soul ex/sx14
kia,soul lx,14,414,180,160,257,1231,104,152,33,90,103,83,73,157,159,61/39,soul lx14
kia,sportage 4dr suv lx awd/ex awd/ex luxury,11,444,186,165,264,1554,114,152,33,90,112,89,91,161,162,58/42,sportage 4dr suv lx awd/ex awd/ex luxury11
kia,sportage 4dr suv lx/ex fwd,11,444,186,165,264,1471,114,152,33,90,112,89,91,161,162,58/42,sportage 4dr suv lx/ex fwd11
kia,sportage 4dr suv sx,11,444,186,165,264,1662,114,152,33,90,112,89,91,161,162,58/42,sportage 4dr suv sx11
lexus,ct200h 4dr hatchback/f-sport,14,435,177,146,260,1460,117,137,35,81,101,94,81,152,153,59/41,ct200h 4dr hatchback/f-sport14
lexus,es300h hybrid 4dr sedan,13,490,182,145,282,1660,131,49,32,82,109,99,109,159,158,59/41,es300h hybrid 4dr sedan13
lexus,es350 4dr sedan,13,490,182,145,282,1610,131,49,32,82,109,99,109,159,158,61/39,es350 4dr sedan13
lexus,is 200t rwd sedan,14,467,181,143,280,1625,138,49,34,80,103,84,104,154,155,55/45,is 200t rwd sedan14
lexus,is 300/350 awd sedan,14,467,181,143,280,1695,138,49,34,80,103,84,104,154,155,55/45,is 300/350 awd sedan14
lexus,ls460 awd 4dr sedan,13,509,188,147,297,2110,147,60,35,84,109,92,120,160,161,52/48,ls460 awd 4dr sedan13
lexus,ls460l awd 4dr sedan,13,521,188,147,309,2210,147,60,35,84,109,92,120,160,161,52/48,ls460l awd 4dr sedan13
lexus,ls600h l hybrid 4dr sedan,13,521,188,148,309,2370,147,60,35,84,109,92,120,160,161,52/48,ls600h l hybrid 4dr sedan13
lincoln,mkc 4dr suv awd,14,455,186,166,269,1792,117,152,37,90,107,96,91,159,159,57/43,mkc 4dr suv awd14
lincoln,mks 4dr sedan,14,522,193,157,287,1992,141,62,35,85,116,108,128,165,166,58/42,mks 4dr sedan14
lincoln,mkz 2.0l/hybrid 4dr sedan,13,493,186,148,285,1736,131,58,30,87,116,97,111,158,158,59/41,mkz 2.0l/hybrid 4dr sedan13
lincoln,mkz 3.7l awd 4dr sedan,13,493,186,148,285,1815,131,58,30,87,116,97,111,158,158,59/41,mkz 3.7l awd 4dr sedan13
lincoln,navigator 4dr suv 4wd,14,527,200,199,302,2753,135,213,50,82,96,101,124,170,171,50/50,navigator 4dr suv 4wd14
lincoln,navigator l 4dr suv 4wd,14,565,200,199,333,2856,135,251,50,82,96,101,131,170,171,N/A,navigator l 4dr suv 4wd14
mazda,cx-5 gs 4dr suv fwd,12,455,184,167,270,1559,123,146,39,87,111,94,91,158,158,56/44,cx-5 gs 4dr suv fwd12
mazda,cx-5 gs/gt 4dr suv awd,12,455,184,167,270,1629,123,146,39,87,111,94,91,158,158,56/44,cx-5 gs/gt 4dr suv awd12
mazda,cx-5 gx 4dr suv awd,12,455,184,167,270,1556,123,146,39,87,111,94,91,158,158,56/44,cx-5 gx 4dr suv awd12
mazda,cx-5 gx 4dr suv fwd,12,455,184,167,270,1489,123,146,39,87,111,94,91,158,158,56/44,cx-5 gx 4dr suv fwd12
mazda,mazda3 gt 4dr sedan,14,458,180,146,270,1383,128,45,32,79,113,93,96,156,156,60/40,mazda3 gt 4dr sedan14
mazda,mazda3 gx/gs 4dr sedan,14,458,180,146,270,1327,128,45,32,79,113,93,96,156,156,60/40,mazda3 gx/gs 4dr sedan14
mazda,mazda3 sport gt 4dr hatcback,14,446,180,146,270,1384,128,133,35,78,113,93,84,156,156,59/41,mazda3 sport gt 4dr hatcback14
mazda,mazda3 sport gx/gs 4dr hatcback,14,446,180,146,270,1330,128,133,35,78,113,93,84,156,156,59/41,mazda3 sport gx/gs 4dr hatcback14
mazda,mazda5 4dr minivan,11,459,175,162,275,1578,104,178,41,89,110,92,92,154,152,51/49,mazda5 4dr minivan11
mazda,mazda6 4dr sedan,13,489,184,145,283,1474,133,52,30,82,115,96,108,159,158,59/41,mazda6 4dr sedan13
mini,3 door cooper hatch fwd,14,384,173,141,250,1182,105,91,33,82,114,76,58,150,150,61/39,3 door cooper hatch fwd14
mini,3 door cooper s hatch fwd,14,386,173,141,250,1252,106,92,33,82,114,77,59,149,149,63/37,3 door cooper s hatch fwd14
mini,3 door john cooper works hatch fwd,14,387,173,141,250,1290,106,92,33,82,114,77,59,149,149,62/38,3 door john cooper works hatch fwd14
mini,countryman cooper s all4 4dr suv,11,411,179,156,260,1475,107,135,37,84,102,76,74,153,156,58/42,countryman cooper s all4 4dr suv11
mini,countryman john cooper works all4 4dr suv,11,411,179,156,260,1500,107,135,37,84,102,76,74,153,156,58/42,countryman john cooper works all4 4dr suv11
mini,coupe cooper s 2dr coupe,12,373,168,138,247,1215,105,39,29,77,119,70,57,146,147,63/37,coupe cooper s 2dr coupe12
mini,coupe john cooper works 2dr coupe,12,373,168,138,247,1230,105,39,29,77,119,70,57,145,146,63/37,coupe john cooper works 2dr coupe12
mini,paceman cooper s all4 2dr coupe,13,412,179,152,260,1365,111,96,31,86,121,77,75,152,155,59/41,paceman cooper s all4 2dr coupe13
mini,paceman john cooper works all4 2dr coupe,13,412,179,152,260,1501,111,96,31,86,121,77,75,152,155,59/41,paceman john cooper works all4 2dr coupe13
mitsubishi,imiev 4dr hatchback es,12,368,159,162,255,1146,52,118,39,86,119,58,55,142,138,45/55,imiev 4dr hatchback es12
nissan,altima 2.5 4dr sedan,13,487,183,147,278,1453,125,55,34,80,110,97,112,159,158,60/40,altima 2.5 4dr sedan13
nissan,altima 3.5 4dr sedan,13,487,183,148,278,1576,125,55,34,80,110,97,112,158,158,61/39,altima 3.5 4dr sedan13
nissan,juke 4dr suv nismo rs fwd,14,416,177,157,253,1344,111,105,34,84,103,85,78,153,153,60/40,juke 4dr suv nismo rs fwd14
nissan,juke 4dr suv nismo/nismo rs awd,14,416,177,157,253,1460,111,105,34,84,103,85,78,153,151,60/40,juke 4dr suv nismo/nismo rs awd14
nissan,juke 4dr suv sv awd/sl awd,11,413,177,157,253,1443,110,102,34,84,103,84,75,153,151,60/40,juke 4dr suv sv awd/sl awd11
nissan,juke 4dr suv sv fwd,11,413,177,157,253,1324,110,102,34,84,103,84,75,153,153,60/40,juke 4dr suv sv fwd11
nissan,leaf 4dr hatchback s/sv,11,445,177,155,270,1481,108,138,39,83,108,95,78,154,153,56/44,leaf 4dr hatchback s/sv11
nissan,leaf 4dr hatchback sl,11,445,177,155,270,1541,108,138,39,83,108,95,78,154,153,56/44,leaf 4dr hatchback sl11
nissan,micra 4dr hatchback,14,383,167,153,245,1044,97,113,41,78,91,76,62,146,147,N/A,micra 4dr hatchback14
nissan,nv1500 standard roof s,11,611,203,213,371,2634,146,312,58,104,168,105,133,175,175,N/A,nv1500 standard roof s11
nissan,nv200 s/sv van,13,473,173,187,293,1479,100,208,48,98,126,95,84,153,152,N/A,nv200 s/sv van13
nissan,nv2500 highroof v6 s,11,611,203,267,371,2716,146,312,58,104,168,105,133,175,175,N/A,nv2500 highroof v6 s11
nissan,nv2500 highroof v6 sv/v8 s,11,611,203,267,371,2759,146,312,58,104,168,105,133,175,175,N/A,nv2500 highroof v6 sv/v8 s11
nissan,nv2500 highroof v8 sv,11,611,203,267,371,2826,146,312,58,104,168,105,133,175,175,N/A,nv2500 highroof v8 sv11
nissan,nv2500 standard roof v6 s/v6 sv/v8 s,11,611,203,213,371,2671,146,312,58,104,168,105,133,175,175,N/A,nv2500 standard roof v6 s/v6 sv/v8 s11
nissan,nv2500 standard roof v8 sv,11,611,203,213,371,2748,146,312,58,104,168,105,133,175,175,N/A,nv2500 standard roof v8 sv11
nissan,nv3500 highroof v8 s,11,611,203,269,371,2751,146,312,58,104,168,105,133,175,175,N/A,nv3500 highroof v8 s11
nissan,nv3500 highroof v8 sv,11,611,203,269,371,2828,146,312,58,104,168,105,133,175,175,N/A,nv3500 highroof v8 sv11
nissan,nv3500 passenger van standard roof s v6/s v8/,11,611,203,213,371,3068,146,312,58,104,168,105,133,175,175,N/A,nv3500 passenger van standard roof s v6/s v8/11
nissan,nv3500 passenger van standard roof sv v8/sl v,11,611,203,213,371,3143,146,312,58,104,168,105,133,175,175,N/A,nv3500 passenger van standard roof sv v8/sl v11
nissan,nv3500 standard roof v8 s,11,611,203,216,371,2673,146,312,58,104,168,105,133,175,175,N/A,nv3500 standard roof v8 s11
nissan,nv3500 standard roof v8 sv,11,611,203,216,371,2750,146,312,58,104,168,105,133,175,175,N/A,nv3500 standard roof v8 sv11
nissan,pathfinder fwd 4dr suv,13,501,196,177,290,1939,122,191,43,87,114,100,111,167,167,54/46,pathfinder fwd 4dr suv13
nissan,pathfinder platinum awd 4dr suv,13,501,196,177,290,2119,122,191,43,87,114,100,111,167,167,54/46,pathfinder platinum awd 4dr suv13
nissan,pathfinder s/sv/sl awd 4dr suv,13,501,196,177,290,2005,122,191,43,87,114,100,111,167,167,54/46,pathfinder s/sv/sl awd 4dr suv13
nissan,quest 4dr minivan s/sv,11,510,197,186,300,1987,99,217,44,96,137,94,116,173,173,55/45,quest 4dr minivan s/sv11
nissan,quest 4dr minivan sl/le,11,510,197,186,300,2043,99,217,44,96,137,94,116,173,173,55/45,quest 4dr minivan sl/le11
nissan,rogue 4dr suv awd,14,463,184,172,270,1610,117,165,41,85,111,93,100,160,160,57/43,rogue 4dr suv awd14
nissan,rogue 4dr suv fwd,14,463,184,172,270,1550,117,165,41,85,111,93,100,160,160,57/43,rogue 4dr suv fwd14
nissan,sentra 4dr sedan,13,463,176,150,270,1306,109,50,34,80,113,91,102,153,153,60/40,sentra 4dr sedan13
nissan,versa note 4dr hatchback,13,415,170,154,260,1114,96,133,34,83,102,84,71,148,148,60/40,versa note 4dr hatchback13
porsche,911 carrera 4/4s/4gts 2dr coupe awd,12,449,185,130,245,1450,135,70,31,73,99,100,106,153,156,38/62,911 carrera 4/4s/4gts 2dr coupe awd12
porsche,911 carrera 4/4s/4gts cabriolet awd,12,449,185,130,245,1520,135,70,31,73,N/A,100,106,153,156,38/62,911 carrera 4/4s/4gts cabriolet awd12
porsche,911 carrera base/s 2dr coupe rwd,12,449,181,130,245,1400,135,70,31,73,99,100,106,153,152,38/62,911 carrera base/s 2dr coupe rwd12
porsche,911 carrera base/s cabriolet 2dr convertible,12,449,181,130,245,1470,135,70,31,73,N/A,100,106,153,152,38/62,911 carrera base/s cabriolet 2dr convertible12
porsche,911 carrera gts 2dr coupe rwd,12,449,185,130,245,1425,135,70,31,73,99,100,106,153,156,38/62,911 carrera gts 2dr coupe rwd12
porsche,911 carrera gts cabriolet 2dr convertible,12,449,185,130,245,1495,135,70,31,73,N/A,100,106,153,156,38/62,911 carrera gts cabriolet 2dr convertible12
porsche,911 gt3 2dr coupe rwd,14,455,185,127,246,1430,N/A,N/A,31,73,99,N/A,N/A,155,156,38/62,911 gt3 2dr coupe rwd14
porsche,911 targa 4/4s/4gts 2dr coupe awd,12,449,185,130,245,1540,135,70,31,73,99,100,106,153,156,38/62,911 targa 4/4s/4gts 2dr coupe awd12
porsche,911 turbo cabriolet /turbo s cabriolet,14,451,188,130,245,1665,137,68,31,73,N/A,102,104,154,159,39/61,911 turbo cabriolet /turbo s cabriolet14
porsche,911 turbo/turbo s coupe 2dr awd,14,451,188,130,245,1595,137,68,31,73,99,102,104,154,159,39/61,911 turbo/turbo s coupe 2dr awd14
porsche,918 spyder/weissach package,14,465,194,117,273,1675,N/A,N/A,N/A,N/A,N/A,N/A,N/A,N/A,N/A,N/A,918 spyder/weissach package14
porsche,cayenne 4dr suv,11,485,194,171,290,2110,139,151,42,87,122,98,98,165,167,53/47,cayenne 4dr suv11
porsche,cayenne diesel 4dr suv,11,485,194,171,290,2110,139,151,42,87,122,98,98,165,167,53/47,cayenne diesel 4dr suv11
porsche,cayenne s e-hybrid 4dr suv,11,485,194,171,290,2350,139,151,42,87,122,98,98,165,167,53/47,cayenne s e-hybrid 4dr suv11
porsche,cayenne s/gts 4dr suv,11,485,194,171,290,2085,139,151,42,87,122,98,98,165,167,53/47,cayenne s/gts 4dr suv11
porsche,cayenne turbo/turbo s 4dr suv,11,485,194,170,290,2260,139,151,42,87,122,98,98,165,167,53/47,cayenne turbo/turbo s 4dr suv11
porsche,cayman base/s 2dr coupe rwd,14,438,180,129,248,1310,135,52,30,75,102,99,90,152,156,46/54,cayman base/s 2dr coupe rwd14
porsche,cayman gt4 2dr coupe rwd,14,444,182,127,248,1340,N/A,N/A,30,75,102,N/A,N/A,152,156,46/54,cayman gt4 2dr coupe rwd14
porsche,cayman gts 2dr coupe rwd,14,440,180,128,248,1345,138,52,30,75,102,102,90,152,156,46/54,cayman gts 2dr coupe rwd14
porsche,macan s 4dr suv awd,14,468,192,162,281,1865,136,134,38,87,123,94,94,163,165,57/43,macan s 4dr suv awd14
porsche,macan turbo 4dr suv awd,14,468,192,162,281,1925,136,134,38,87,123,94,94,163,165,57/43,macan turbo 4dr suv awd14
porsche,panamera /s  4dr hatchback rwd,14,502,193,142,292,1770,145,121,33,81,115,98,111,165,163,54/46,panamera /s  4dr hatchback rwd14
porsche,panamera 4/4s 4dr hatchback awd,14,502,193,142,292,1820,145,121,33,81,115,98,111,165,163,54/46,panamera 4/4s 4dr hatchback awd14
porsche,panamera 4s executive 4dr hatchback awd,14,517,193,143,307,2000,145,121,33,81,115,98,111,165,163,54/46,panamera 4s executive 4dr hatchback awd14
porsche,panamera gts 4dr hatchback awd,14,502,193,141,292,1925,145,121,33,81,115,98,111,165,163,54/46,panamera gts 4dr hatchback awd14
porsche,panamera s e-hybrid  4dr hatchback rwd,14,502,193,142,292,2000,145,121,33,81,115,98,111,165,163,54/46,panamera s e-hybrid  4dr hatchback rwd14
porsche,panamera turbo/turbo s  4dr hatchback awd,14,502,193,142,292,1970,145,121,33,81,115,98,111,165,163,54/46,panamera turbo/turbo s  4dr hatchback awd14
porsche,panamera turbo/turbo s executive 4dr hatchback awd,14,517,193,143,307,2070,145,121,33,81,115,98,111,165,163,54/46,panamera turbo/turbo s executive 4dr hatchback awd14
scion,fr-s 2dr coupe,12,424,178,129,257,1251,133,55,31,72,108,85,82,152,154,55/45,fr-s 2dr coupe12
scion,tc 2 dr hatchback,14,449,180,142,270,1377,121,35,37,83,111,96,83,154,156,63/37,tc 2 dr hatchback14
scion,xb 4dr suv,14,427,176,161,260,1373,103,153,36,90,123,87,80,153,152,63/37,xb 4dr suv14
subaru,brz 2dr coupe,12,424,178,129,257,1254,133,55,31,72,108,85,82,152,154,55/45,brz 2dr coupe12
subaru,forester 4dr suv 2.0xt,13,460,180,174,264,1649,121,160,42,86,115,96,100,155,155,57/43,forester 4dr suv 2.0xt13
subaru,forester 4dr suv 2.5i,13,460,180,174,264,1498,121,160,42,86,115,96,100,155,155,57/43,forester 4dr suv 2.5i13
subaru,impreza 4dr sedan 2.0i,12,458,174,147,265,1370,120,46,34,81,114,94,99,151,152,60/40,impreza 4dr sedan 2.0i12
subaru,impreza 5dr hatch 2.0i,12,442,174,147,265,1365,120,139,34,81,112,94,83,151,152,60/40,impreza 5dr hatch 2.0i12
subaru,wrx 4dr sedan,14,459,178,144,265,1483,120,45,36,83,111,95,99,152,152,60/40,wrx 4dr sedan14
subaru,wrx sti 4dr sedan,14,459,178,144,265,1527,120,45,36,83,111,95,99,152,152,60/40,wrx sti 4dr sedan14
subaru,xv crosstrek hybrid,13,445,178,162,263,1595,123,140,36,82,118,97,85,153,153,59/41,xv crosstrek hybrid13
subaru,xv crosstrek touring/sport/limited,13,445,178,162,263,1455,123,140,36,82,118,97,85,153,153,59/41,xv crosstrek touring/sport/limited13
toyota,avalon 4dr sedan,13,496,184,146,282,1610,125,51,35,82,109,98,116,159,158,61/39,avalon 4dr sedan13
toyota,corolla 4dr sedan,14,464,178,146,270,1265,117,50,35,80,99,97,98,152,152,61/39,corolla 4dr sedan14
toyota,highlander awd 4dr suv,14,486,193,173,279,2035,123,86,39,89,115,96,111,163,163,55/45,highlander awd 4dr suv14
toyota,highlander fwd 4dr suv,14,486,193,173,279,1925,123,86,39,89,115,96,111,163,163,55/45,highlander fwd 4dr suv14
toyota,highlander hybrid 4dr suv,14,486,193,173,279,2190,123,86,39,89,115,96,111,163,163,55/45,highlander hybrid 4dr suv14
toyota,prius c 5dr hatchback,13,400,170,145,255,1132,96,137,37,79,96,81,64,145,144,61/39,prius c 5dr hatchback13
toyota,prius v 5dr hatchback,12,462,178,158,278,1505,109,179,40,86,109,93,91,154,155,59/41,prius v 5dr hatchback12
toyota,tundra crew max s/box 4wd sr5/platinum,14,574,203,193,370,2555,121,311,46,94,133,90,113,173,173,58/42,tundra crew max s/box 4wd sr5/platinum14
toyota,tundra double cab l/box 4wd,14,622,203,194,418,2540,121,359,46,94,133,90,113,173,173,58/42,tundra double cab l/box 4wd14
toyota,tundra double cab m/box 2wd sr5 4.6l,14,574,203,193,370,2310,121,311,46,94,133,90,113,173,173,58/42,tundra double cab m/box 2wd sr5 4.6l14
toyota,tundra double cab m/box 4wd sr5 4.6l/sr5 5.7/,14,574,203,194,370,2450,121,311,46,94,133,90,113,173,173,58/42,tundra double cab m/box 4wd sr5 4.6l/sr5 5.7/14
toyota,tundra reg cab l/box 2wd,14,574,203,194,370,2230,121,280,46,94,133,90,113,173,173,58/42,tundra reg cab l/box 2wd14
toyota,tundra reg cab l/box 4wd,14,574,203,193,370,2360,121,280,46,94,133,90,113,173,173,58/42,tundra reg cab l/box 4wd14
volkswagen,beetle 2dr convertible,13,428,181,147,254,1463,118,47,33,82,127,88,86,158,155,63/37,beetle 2dr convertible13
volkswagen,beetle 2dr coupe 1.8 tsi,12,428,181,149,254,1337,118,44,33,82,111,88,86,158,155,63/37,beetle 2dr coupe 1.8 tsi12
volkswagen,beetle 2dr coupe tdi,12,428,181,149,254,1394,118,44,33,82,111,88,86,158,155,63/37,beetle 2dr coupe tdi12
volkswagen,cc 4dr coupe sportline/highline 2.0 tsi,13,480,186,142,271,1527,129,56,30,80,118,97,112,155,155,59/41,cc 4dr coupe sportline/highline 2.0 tsi13
volkswagen,golf 4dr gti / r hatch,14,425,180,144,263,1378,116,140,37,78,108,85,77,154,152,60/40,golf 4dr gti / r hatch14
volkswagen,golf 4dr hatch 1.8 tsi,14,425,180,144,263,1318,116,140,37,78,108,85,77,154,151,60/40,golf 4dr hatch 1.8 tsi14
volkswagen,golf 4dr hatch tdi,14,425,180,144,263,1372,116,140,37,78,108,85,77,154,151,60/40,golf 4dr hatch tdi14
volkswagen,passat 1.8l tsi 4dr sedan,11,487,184,147,280,1439,121,54,35,79,113,91,114,156,153,60/40,passat 1.8l tsi 4dr sedan11
volkswagen,passat tdi 4dr sedan,11,487,184,147,280,1546,121,54,35,79,113,91,114,156,153,60/40,passat tdi 4dr sedan11
volkswagen,passat vr6 4dr sedan,11,487,184,147,280,1563,121,54,35,79,113,91,114,156,153,59/41,passat vr6 4dr sedan11
volkswagen,tiguan 2.0 4motion 4dr suv,12,443,181,170,260,1629,114,146,42,81,116,93,90,157,157,57/43,tiguan 2.0 4motion 4dr suv12
volkswagen,tiguan 2.0 fwd 4dr suv,12,443,181,170,260,1539,114,146,42,81,116,93,90,157,157,57/43,tiguan 2.0 fwd 4dr suv12
volkswagen,touareg 3.0l tdi 4motion 4dr suv,11,480,194,173,289,2256,139,157,38,87,122,92,98,164,164,53/47,touareg 3.0l tdi 4motion 4dr suv11
volkswagen,touareg 3.6l vr6 4dr suv awd,11,480,194,173,289,2130,139,157,38,87,122,92,98,164,164,53/47,touareg 3.6l vr6 4dr suv awd11
volvo,s60 4dr sedan t5/t6 awd,11,464,187,148,278,1749,127,50,35,83,112,94,92,159,159,62/38,s60 4dr sedan t5/t6 awd11
volvo,s60 4dr sedan t5/t6 fwd,11,464,187,148,278,1658,127,50,35,83,112,94,92,159,159,62/38,s60 4dr sedan t5/t6 fwd11
volvo,s60 cross country 4dr sedan,11,464,187,154,278,1757,127,50,35,83,112,94,92,162,158,62/38,s60 cross country 4dr sedan11
volvo,v60 4dr wagon t5 awd,14,464,186,148,278,1634,126,166,34,83,103,95,91,159,159,62/38,v60 4dr wagon t5 awd14
volvo,v60 4dr wagon t5 drive-e fwd,14,464,186,148,278,1689,126,166,34,83,103,95,91,159,159,62/38,v60 4dr wagon t5 drive-e fwd14
volvo,v60 4dr wagon t6 awd,14,464,186,148,278,1822,126,166,34,83,103,95,91,159,159,62/38,v60 4dr wagon t6 awd14
volvo,v60 cross country 4dr wagon t5 awd,14,464,186,155,278,1634,126,166,34,83,103,95,91,162,158,62/38,v60 cross country 4dr wagon t5 awd14
audi,rs3 sedan tfsi quattro,14,448,180,140,263,N/A,122,48,34,78,108,89,96,156,153,60/40,rs3 sedan tfsi quattro14
bmw,2 series 228i xdrive 2dr coupe,14,443,177,142,268,1495,134,53,34,81,104,78,96,152,156,53/47,2 series 228i xdrive 2dr coupe14
bmw,3 series 330e iperformance sedan,12,463,181,143,281,1773,137,52,37,77,109,78,104,154,158,52/48,3 series 330e iperformance sedan12
bmw,3 series 330i xdrive gran turismo,14,483,183,151,292,1825,141,119,38,82,108,81,110,154,159,49/51,3 series 330i xdrive gran turismo14
bmw,3 series 340i xdrive gran turismo,14,483,183,151,292,1865,141,119,38,82,108,81,110,154,159,49/51,3 series 340i xdrive gran turismo14
bmw,3 series touring 330i xdrive 4dr wagon,13,463,181,143,281,1758,137,163,37,77,103,78,104,153,157,49/51,3 series touring 330i xdrive 4dr wagon13
bmw,6 series gran coupe alpina b6,13,501,189,139,297,2030,158,60,31,81,107,94,110,160,167,53/47,6 series gran coupe alpina b613
bmw,x5 xdrive35d third row seating 4dr suv,14,489,194,176,293,2313,140,179,44,91,113,89,107,164,165,50/50,x5 xdrive35d third row seating 4dr suv14
bmw,x5 xdrive35i third row seating 4dr suv,14,489,194,176,293,2245,140,179,44,91,113,89,107,164,165,50/50,x5 xdrive35i third row seating 4dr suv14
bmw,x5 xdrive40e 4dr suv,14,489,194,176,293,2368,140,179,44,91,113,89,107,164,165,50/50,x5 xdrive40e 4dr suv14
bmw,x5 xdrive50i third row seating 4dr suv,14,489,194,176,293,2413,140,179,44,91,113,89,107,164,165,50/50,x5 xdrive50i third row seating 4dr suv14
chrysler,200 4dr sedan i-4 fwd,14,490,181,147,275,1575,128,55,36,85,125,105,110,161,158,60/40,200 4dr sedan i-4 fwd14
chrysler,200 4dr sedan v6 awd,14,490,181,147,275,1721,128,55,36,85,125,105,110,161,158,60/40,200 4dr sedan v6 awd14
chrysler,200 4dr sedan v6 fwd,14,490,181,147,275,1643,128,55,36,85,125,105,110,161,158,60/40,200 4dr sedan v6 fwd14
fiat,500l 4dr hatchback,13,425,179,165,261,1476,93,137,40,87,110,86,78,151,151,61/39,500l 4dr hatchback13
ford,f-150 p/u supercab 6.5-ft box 2wd,14,584,203,192,368,1983,133,304,48,96,140,96,120,172,172,58/42,f-150 p/u supercab 6.5-ft box 2wd14
ford,f-150 p/u supercab 6.5-ft box 4x4,14,584,203,196,368,2081,133,304,48,96,140,96,120,172,172,58/42,f-150 p/u supercab 6.5-ft box 4x414
ford,f-150 p/u supercab 8-ft box 2wd,14,632,203,192,416,2059,133,352,48,96,140,96,120,172,172,58/42,f-150 p/u supercab 8-ft box 2wd14
ford,f-150 p/u supercab 8-ft box 4x4,14,632,203,196,416,2217,133,352,48,96,140,96,120,172,172,58/42,f-150 p/u supercab 8-ft box 4x414
ford,f-150 p/u supercrew 5.5-ft box 2wd,14,584,203,192,368,2028,133,304,48,96,140,96,120,172,172,58/42,f-150 p/u supercrew 5.5-ft box 2wd14
ford,f-150 p/u supercrew 5.5-ft box 4x4,14,584,203,196,368,2130,133,304,48,96,140,96,120,172,172,58/42,f-150 p/u supercrew 5.5-ft box 4x414
ford,f-150 p/u supercrew 6.5-ft box 2wd,14,614,203,192,398,2087,133,334,48,96,140,96,120,172,172,58/42,f-150 p/u supercrew 6.5-ft box 2wd14
ford,f-150 p/u supercrew 6.5-ft box 4x4,14,614,203,196,398,2236,133,334,48,96,140,96,120,172,172,58/42,f-150 p/u supercrew 6.5-ft box 4x414
ford,mustang gt350 2dr coupe rwd,14,482,193,138,272,2066,157,63,29,81,117,99,112,161,162,54/46,mustang gt350 2dr coupe rwd14
hyundai,accent 4dr hatchback (auto),11,412,170,145,257,1159,104,130,37,79,105,82,73,149,149,62/38,accent 4dr hatchback (auto)11
hyundai,accent 4dr hatchback (manual),11,412,170,145,257,1129,104,130,37,79,105,82,73,149,149,62/38,accent 4dr hatchback (manual)11
hyundai,accent 4dr sedan (auto),11,437,172,145,257,1155,103,50,36,79,106,82,97,149,150,62/38,accent 4dr sedan (auto)11
hyundai,accent 4dr sedan (manual),11,437,172,145,257,1125,103,50,36,79,106,82,97,149,150,62/38,accent 4dr sedan (manual)11
mazda,cx-5 gs 4dr suv fwd (2016.5),12,455,184,167,270,1559,123,146,39,87,111,94,91,158,158,56/44,cx-5 gs 4dr suv fwd (2016.5)12
mazda,cx-5 gs/gt 4dr suv awd (2016.5),12,455,184,167,270,1629,123,146,39,87,111,94,91,158,158,56/44,cx-5 gs/gt 4dr suv awd (2016.5)12
mazda,cx-5 gx 4dr suv awd (2016.5),12,455,184,167,270,1556,123,146,39,87,111,94,91,158,158,56/44,cx-5 gx 4dr suv awd (2016.5)12
mazda,cx-5 gx 4dr suv fwd (2016.5),12,455,184,167,270,1489,123,146,39,87,111,94,91,158,158,56/44,cx-5 gx 4dr suv fwd (2016.5)12
mini,countryman cooper all4 4dr suv,11,431,182,156,267,1592,114,144,39,89,96,84,81,158,158,58/42,countryman cooper all4 4dr suv11
mini,countryman cooper s / john cooper works all4 4dr suv,11,431,182,156,267,1646,114,144,39,89,96,84,81,158,158,58/42,countryman cooper s / john cooper works all4 4dr suv11
nissan,juke 4dr suv nismo awd,14,416,177,157,253,1460,111,105,34,84,103,85,78,153,151,60/40,juke 4dr suv nismo awd14
nissan,juke 4dr suv sv/sl awd,11,413,177,157,253,1443,110,102,34,84,103,84,75,153,151,60/40,juke 4dr suv sv/sl awd11
nissan,sentra turbo 4dr sedan,13,464,176,150,270,1370,109,50,34,80,113,91,102,153,153,60/40,sentra turbo 4dr sedan13
porsche,macan 4dr suv awd,14,468,192,162,281,1865,136,134,38,87,123,94,94,163,165,57/43,macan 4dr suv awd14
audi,a3 sedan 2.0 tfsi quattro,14,446,180,142,264,1525,120,47,34,78,108,87,95,156,153,60/40,a3 sedan 2.0 tfsi quattro14
bmw,2 series 230i 2dr coupe rwd,14,443,177,142,268,1608,134,53,34,81,104,78,96,152,156,50/50,2 series 230i 2dr coupe rwd14
bmw,2 series 230i xdrive 2dr coupe,14,443,177,142,268,1685,134,53,34,81,104,78,96,152,156,52/48,2 series 230i xdrive 2dr coupe14
bmw,2 series m240i 2dr coupe rwd,14,443,177,142,268,1587,134,53,34,81,104,78,96,152,156,52/48,2 series m240i 2dr coupe rwd14
bmw,2 series m240i xdrive 2dr coupe,14,443,177,142,268,1661,134,53,34,81,104,78,96,152,156,54/46,2 series m240i xdrive 2dr coupe14
bmw,3 series 328d xdrive 4dr sedan,12,463,181,143,281,1676,137,52,37,77,109,78,104,154,158,51/49,3 series 328d xdrive 4dr sedan12
bmw,3 series 330i xdrive 4dr sedan,12,463,181,143,281,1592,137,52,37,77,109,78,104,154,158,50/50,3 series 330i xdrive 4dr sedan12
bmw,3 series 340i xdrive 4dr sedan,12,463,181,143,281,1733,137,52,37,77,109,78,104,154,158,52/48,3 series 340i xdrive 4dr sedan12
bmw,4 series  430i xdrive 2dr cabriolet,14,464,183,138,281,1910,137,65,35,80,124,79,104,155,159,48/52,4 series  430i xdrive 2dr cabriolet14
bmw,4 series  430i xdrive 2dr coupe,14,464,183,138,281,1681,137,53,35,80,106,79,104,155,159,51/49,4 series  430i xdrive 2dr coupe14
bmw,4 series  440i 2dr coupe rwd,14,464,183,138,281,1688,137,53,35,80,106,79,104,155,159,51/49,4 series  440i 2dr coupe rwd14
bmw,4 series  440i xdrive 2dr cabriolet,14,464,183,138,281,1964,137,65,35,80,124,79,104,155,159,49/51,4 series  440i xdrive 2dr cabriolet14
bmw,4 series  440i xdrive 2dr coupe,14,464,183,138,281,1751,137,53,35,80,106,79,104,155,159,52/48,4 series  440i xdrive 2dr coupe14
bmw,4 series gran coupe 430i xdrive 4dr sedan,14,464,183,139,281,1713,137,100,35,80,106,79,104,155,159,49/51,4 series gran coupe 430i xdrive 4dr sedan14
bmw,4 series gran coupe 440i xdrive 4dr sedan,14,464,183,139,281,1784,137,100,35,80,106,79,104,155,159,51/49,4 series gran coupe 440i xdrive 4dr sedan14
bmw,6 series 650i xdrive 2dr cabriolet,12,489,189,137,286,2109,158,N/A,32,82,N/A,94,110,160,167,52/48,6 series 650i xdrive 2dr cabriolet12
bmw,6 series 650i xdrive 2dr coupe,12,489,189,137,286,2000,158,60,32,82,107,94,110,160,167,54/46,6 series 650i xdrive 2dr coupe12
bmw,i series i8 roadster,14,469,194,130,280,1595,132,48,26,79,107,96,93,164,158,49/51,i series i8 roadster14
bmw,m3 4dr sedan,14,467,188,143,281,1595,139,53,37,77,109,81,105,158,160,52/48,m3 4dr sedan14
bmw,m4 2dr cabriolet,14,467,187,139,281,1846,137,65,35,80,124,81,105,158,160,52/48,m4 2dr cabriolet14
bmw,m4 2dr coupe,14,467,187,138,281,1617,139,53,35,80,106,81,105,158,160,47/53,m4 2dr coupe14
bmw,m6 2dr cabriolet,12,489,189,137,285,2045,158,N/A,32,82,N/A,94,110,160,167,50/50,m6 2dr cabriolet12
bmw,m6 2dr coupe,12,489,189,137,285,1930,158,60,32,82,107,94,110,160,167,53/47,m6 2dr coupe12
ford,mustang ecoboost 2dr convertible,14,478,192,139,272,1902,153,69,29,81,129,95,112,159,165,52/48,mustang ecoboost 2dr convertible14
ford,mustang ecoboost 2dr coupe,14,478,192,138,272,1855,153,63,29,81,117,95,112,158,165,52/48,mustang ecoboost 2dr coupe14
ford,mustang gt 2dr convertible,14,478,192,139,272,2066,153,69,29,81,129,95,112,159,165,54/46,mustang gt 2dr convertible14
ford,mustang gt 2dr coupe,14,478,192,138,272,1995,153,63,29,81,117,95,112,158,165,54/46,mustang gt 2dr coupe14
ford,mustang gt350/350r 2dr coupe,14,482,193,138,272,2066,157,63,29,81,117,99,112,161,162,54/46,mustang gt350/350r 2dr coupe14
lexus,is 300 rwd sedan,14,467,181,143,280,1625,138,49,34,80,103,84,104,154,155,55/45,is 300 rwd sedan14
volkswagen,beetle 2dr coupe,12,428,181,149,254,1337,118,44,33,82,111,88,86,158,155,63/37,beetle 2dr coupe12
volkswagen,passat 2.0l tsi 4dr sedan,11,487,184,147,280,1480,121,54,35,79,113,91,114,156,153,60/40,passat 2.0l tsi 4dr sedan11